n.name,m.name
tensorflow,software
tensorflow,google
tensorflow,programming
account,library
model,library
tensorflow,library
tensorflow,task
tensorflow,range
tensorflow,machine-learning
tensorflow,system
tensorflow,error
announcement,learning
tensorflow,learning
tensorflow,refactor
tensorflow,speech-recognition
tensorflow,reduction
tensorflow,CUDA
tensorflow,android
tensorflow,platform
tensorflow,device
tensorflow,computing
tensorflow,purpose
tensorflow,processing-units
announcement,tensorflow
tensorflow,neural-networks
tensorflow,cpu
tensorflow,extension
tensorflow,sycl
tensorflow,gpu
tensorflow,graphic
tensorflow,cluster
tensorflow,desktop
Tweet,server
tensorflow,server
tensorflow,array
tensorflow,caicloud
tensorflow,javascript
tensorflow,tensor
tensorflow,processing
tensorflow,TPU
tensorflow,tensorflow-lite
account,application
tensorflow,application
TPU,chip
processing,chip
tensor,chip
TPU,hardware
processing,hardware
tensor,hardware
TPU,AI
processing,AI
tensor,AI
TPU,performance
processing,performance
tensor,performance
tensorflow,training
TPU,training
processing,training
tensor,training
love,model
tensorflow,model
TPU,model
processing,model
tensor,model
TPU,watt
processing,watt
tensor,watt
TPU,circuit
processing,circuit
tensor,circuit
TPU,petaflop
processing,petaflop
tensor,petaflop
TPU,HBM
processing,HBM
tensor,HBM
TPU,memory
processing,memory
tensor,memory
TPU,client
model,ML
TPU,ML
TPU,smartphone
tensorflow-lite,uTensor
tensorflow-lite,Shaders
tensorflow-lite,metal-compute-shaders
tensorflow-lite,Compute
tensorflow-lite,processor
tensorflow-lite,image
application,deepdream
announcement,developer
tensorflow,developer
twitter,code
Twitter,code
update,code
tensorflow,code
tensorflow,project
account,web
tensorflow,web
tensorflow,url
announcement,machine
tensorflow,machine
tensorflow,source
account,research
model,research
tensorflow,research
tensorflow,domain
tensorflow,announcement
tensorflow,security-updates
tensorflow,announce@tensorflow.org
tensorflow,package
tensorflow,docker
tensorflow,container
tensorflow,support
tensorflow,card
tensorflow,flag
tensorflow,command
tensorflow,discussion
love,bug
tensorflow,bug
tensorflow,development
tensorflow,resource
tensorflow,installation
tensorflow,guide
tensorflow,document
tensorflow,Library
tensorflow,Learning
tensorflow,Deep
tensorflow,Swift
tensorflow,dataset
tensorflow,tfx
tensorflow,bridge
tensorflow,community
dataset,tfds
dataset,collection
model,example
model,reinforcement-learning
model,pruning
model,quantization
model,Layers
model,reasoning
bridge,tensorflow-ngraph
tensorflow,production
account,production
account,city
account,party
tensorflow,information
account,information
tensorflow,Tweet
account,Tweet
announcement,update
account,update
account,Twitter
Tweet,website
Tweet,app
twitter,love
Twitter,love
update,love
work,Retweet
code,Retweet
work,topic
code,topic
work,people
code,people
tensorflow,pic.twitter.com/pwlpcsiwvm
love,pic.twitter.com/pwlpcsiwvm
tensorflow,mobile
love,mobile
tensorflow,experience
love,experience
tensorflow,hiccup
love,hiccup
tensorflow,fix
love,fix
tensorflow,change
love,change
love,tf
tensorflow,twitter
account,twitter
tensorflow,talk
tensorflow,keynote
tensorflow,improvement
tensorflow,release
tensorflow,TFLite
tensorflow,Software
tensorflow,Engineer
love,issue
tensorflow,issue
love,Cai
tensorflow,Cai
love,tf2
tensorflow,tf2
tensorflow,ping-yeh
tensorflow,advice
tensorflow,problem
tensorflow,metadata
tensorflow,SOTA
tensorflow,launch
announcement,world
tensorflow,world
tensorflow,spanish
tensorflow,recording
tensorflow,power
tensorflow,walkthrough
tensorflow,reinforcement
tensorflow,pic.twitter.com/AjtAaZoUAW
tensorflow,iss
tensorflow,datum
tensorflow,telemetry
tensorflow,chance
tensorflow,prize
tensorflow,cash
tensorflow,Toolkit
tensorflow,colleague
tensorflow,TensorFlow.js
tensorflow,tf-record
tensorflow,browser
tensorflow,need
tensorflow,team
tensorflow,environment
tensorflow,bundle
announcement,practice
tensorflow,practice
tensorflow,API
tensorflow,pic.twitter.com/Jt82s9ssQe
tensorflow,iPhones
tensorflow,inference
tensorflow,ipads
tensorflow,transformer
tensorflow,text
tensorflow,@TensorFlow
twitter,work
code,instant-updates
love,tfboard
love,math
love,operation
announcement,exercise
announcement,hand
announcement,video
announcement,lecture
announcement,case
announcement,session
announcement,ecosystem
announcement,market
announcement,program
announcement,job
announcement,use
announcement,look
announcement,product-developments